pt1_X,pt1_Y,pt1_Z
0.688654,0.879546,0.313930
NaN,NaN,NaN
NaN,NaN,NaN
NaN,NaN,NaN
NaN,NaN,NaN
NaN,NaN,NaN
NaN,NaN,NaN
NaN,NaN,NaN
NaN,NaN,NaN
NaN,NaN,NaN
NaN,NaN,NaN
0.672838,0.892504,0.294170
NaN,NaN,NaN
NaN,NaN,NaN
NaN,NaN,NaN
NaN,NaN,NaN
NaN,NaN,NaN
NaN,NaN,NaN
NaN,NaN,NaN
NaN,NaN,NaN
NaN,NaN,NaN
NaN,NaN,NaN
NaN,NaN,NaN
NaN,NaN,NaN
0.592309,0.858081,0.428134
NaN,NaN,NaN
NaN,NaN,NaN
NaN,NaN,NaN
NaN,NaN,NaN
NaN,NaN,NaN
NaN,NaN,NaN
NaN,NaN,NaN
NaN,NaN,NaN
NaN,NaN,NaN
NaN,NaN,NaN
NaN,NaN,NaN
0.322744,0.722906,0.717049
NaN,NaN,NaN
NaN,NaN,NaN
NaN,NaN,NaN
NaN,NaN,NaN
NaN,NaN,NaN
NaN,NaN,NaN
NaN,NaN,NaN
NaN,NaN,NaN
NaN,NaN,NaN
NaN,NaN,NaN
NaN,NaN,NaN
NaN,NaN,NaN
0.011660,0.437540,0.920853
NaN,NaN,NaN
-0.090018,0.417128,0.940242
NaN,NaN,NaN
NaN,NaN,NaN
NaN,NaN,NaN
NaN,NaN,NaN
NaN,NaN,NaN
NaN,NaN,NaN
NaN,NaN,NaN
NaN,NaN,NaN
NaN,NaN,NaN
NaN,NaN,NaN
NaN,NaN,NaN
NaN,NaN,NaN
NaN,NaN,NaN
NaN,NaN,NaN
NaN,NaN,NaN
NaN,NaN,NaN
NaN,NaN,NaN
NaN,NaN,NaN
NaN,NaN,NaN
NaN,NaN,NaN
NaN,NaN,NaN
NaN,NaN,NaN
NaN,NaN,NaN
NaN,NaN,NaN
-0.637739,0.073622,1.095279
NaN,NaN,NaN
NaN,NaN,NaN
NaN,NaN,NaN
NaN,NaN,NaN
NaN,NaN,NaN
NaN,NaN,NaN
NaN,NaN,NaN
NaN,NaN,NaN
NaN,NaN,NaN
NaN,NaN,NaN
NaN,NaN,NaN
NaN,NaN,NaN
NaN,NaN,NaN
NaN,NaN,NaN
NaN,NaN,NaN
NaN,NaN,NaN
NaN,NaN,NaN
NaN,NaN,NaN
NaN,NaN,NaN
NaN,NaN,NaN
NaN,NaN,NaN
NaN,NaN,NaN
-0.686047,-0.087857,1.078630
NaN,NaN,NaN
-0.701648,-0.121380,1.080481
NaN,NaN,NaN
NaN,NaN,NaN
NaN,NaN,NaN
NaN,NaN,NaN
NaN,NaN,NaN
NaN,NaN,NaN
NaN,NaN,NaN
NaN,NaN,NaN
NaN,NaN,NaN
NaN,NaN,NaN
NaN,NaN,NaN
NaN,NaN,NaN
NaN,NaN,NaN
NaN,NaN,NaN
NaN,NaN,NaN
NaN,NaN,NaN
NaN,NaN,NaN
NaN,NaN,NaN
NaN,NaN,NaN
NaN,NaN,NaN
NaN,NaN,NaN
NaN,NaN,NaN
-0.850769,-0.782750,0.982382
NaN,NaN,NaN
-0.852302,-0.840793,0.976391
NaN,NaN,NaN
NaN,NaN,NaN
NaN,NaN,NaN
NaN,NaN,NaN
NaN,NaN,NaN
NaN,NaN,NaN
NaN,NaN,NaN
NaN,NaN,NaN
NaN,NaN,NaN
NaN,NaN,NaN
NaN,NaN,NaN
NaN,NaN,NaN
NaN,NaN,NaN
NaN,NaN,NaN
NaN,NaN,NaN
NaN,NaN,NaN
NaN,NaN,NaN
NaN,NaN,NaN
NaN,NaN,NaN
NaN,NaN,NaN
NaN,NaN,NaN
NaN,NaN,NaN
-0.929805,-0.980612,0.812461
NaN,NaN,NaN
-0.945570,-1.026832,0.820529
NaN,NaN,NaN
NaN,NaN,NaN
NaN,NaN,NaN
NaN,NaN,NaN
NaN,NaN,NaN
NaN,NaN,NaN
NaN,NaN,NaN
NaN,NaN,NaN
NaN,NaN,NaN
NaN,NaN,NaN
NaN,NaN,NaN
NaN,NaN,NaN
NaN,NaN,NaN
NaN,NaN,NaN
NaN,NaN,NaN
NaN,NaN,NaN
NaN,NaN,NaN
NaN,NaN,NaN
NaN,NaN,NaN
NaN,NaN,NaN
NaN,NaN,NaN
NaN,NaN,NaN
-0.956969,-1.253369,0.658578
NaN,NaN,NaN
NaN,NaN,NaN
NaN,NaN,NaN
-0.958023,-1.260423,0.613107
NaN,NaN,NaN
NaN,NaN,NaN
NaN,NaN,NaN
NaN,NaN,NaN
NaN,NaN,NaN
NaN,NaN,NaN
NaN,NaN,NaN
NaN,NaN,NaN
NaN,NaN,NaN
NaN,NaN,NaN
NaN,NaN,NaN
NaN,NaN,NaN
NaN,NaN,NaN
NaN,NaN,NaN
NaN,NaN,NaN
NaN,NaN,NaN
NaN,NaN,NaN
NaN,NaN,NaN
NaN,NaN,NaN
NaN,NaN,NaN
-0.962647,-1.439774,0.443326
NaN,NaN,NaN
NaN,NaN,NaN
NaN,NaN,NaN
-0.979774,-1.478656,0.388720
NaN,NaN,NaN
NaN,NaN,NaN
NaN,NaN,NaN
NaN,NaN,NaN
NaN,NaN,NaN
NaN,NaN,NaN
NaN,NaN,NaN
NaN,NaN,NaN
NaN,NaN,NaN
NaN,NaN,NaN
NaN,NaN,NaN
NaN,NaN,NaN
NaN,NaN,NaN
NaN,NaN,NaN
NaN,NaN,NaN
NaN,NaN,NaN
NaN,NaN,NaN
NaN,NaN,NaN
NaN,NaN,NaN
NaN,NaN,NaN
-0.975470,-1.631012,-0.040806
NaN,NaN,NaN
NaN,NaN,NaN
NaN,NaN,NaN
NaN,NaN,NaN
NaN,NaN,NaN
NaN,NaN,NaN
NaN,NaN,NaN
NaN,NaN,NaN
NaN,NaN,NaN
NaN,NaN,NaN
NaN,NaN,NaN
NaN,NaN,NaN
NaN,NaN,NaN
NaN,NaN,NaN
NaN,NaN,NaN
NaN,NaN,NaN
NaN,NaN,NaN
NaN,NaN,NaN
NaN,NaN,NaN
NaN,NaN,NaN
NaN,NaN,NaN
NaN,NaN,NaN
NaN,NaN,NaN
NaN,NaN,NaN
NaN,NaN,NaN
NaN,NaN,NaN
NaN,NaN,NaN
NaN,NaN,NaN
NaN,NaN,NaN
NaN,NaN,NaN
NaN,NaN,NaN
NaN,NaN,NaN
NaN,NaN,NaN
NaN,NaN,NaN
NaN,NaN,NaN
NaN,NaN,NaN
NaN,NaN,NaN
NaN,NaN,NaN
NaN,NaN,NaN
NaN,NaN,NaN
NaN,NaN,NaN
NaN,NaN,NaN
NaN,NaN,NaN
NaN,NaN,NaN
NaN,NaN,NaN
NaN,NaN,NaN
NaN,NaN,NaN
NaN,NaN,NaN
NaN,NaN,NaN
-0.540614,-1.923963,0.140442
NaN,NaN,NaN
NaN,NaN,NaN
NaN,NaN,NaN
-0.462973,-1.969880,0.171464
NaN,NaN,NaN
NaN,NaN,NaN
NaN,NaN,NaN
NaN,NaN,NaN
NaN,NaN,NaN
NaN,NaN,NaN
NaN,NaN,NaN
NaN,NaN,NaN
NaN,NaN,NaN
NaN,NaN,NaN
NaN,NaN,NaN
NaN,NaN,NaN
NaN,NaN,NaN
NaN,NaN,NaN
NaN,NaN,NaN
NaN,NaN,NaN
NaN,NaN,NaN
NaN,NaN,NaN
NaN,NaN,NaN
NaN,NaN,NaN
-0.103694,-2.130947,0.183465
NaN,NaN,NaN
NaN,NaN,NaN
NaN,NaN,NaN
-0.028811,-2.078070,0.141557
NaN,NaN,NaN
NaN,NaN,NaN
NaN,NaN,NaN
NaN,NaN,NaN
NaN,NaN,NaN
NaN,NaN,NaN
NaN,NaN,NaN
NaN,NaN,NaN
NaN,NaN,NaN
NaN,NaN,NaN
NaN,NaN,NaN
NaN,NaN,NaN
NaN,NaN,NaN
NaN,NaN,NaN
NaN,NaN,NaN
NaN,NaN,NaN
NaN,NaN,NaN
NaN,NaN,NaN
NaN,NaN,NaN
NaN,NaN,NaN
0.336868,-1.923984,0.214388
NaN,NaN,NaN
NaN,NaN,NaN
NaN,NaN,NaN
0.419199,-1.901668,0.258971
NaN,NaN,NaN
NaN,NaN,NaN
NaN,NaN,NaN
NaN,NaN,NaN
NaN,NaN,NaN
NaN,NaN,NaN
NaN,NaN,NaN
NaN,NaN,NaN
NaN,NaN,NaN
NaN,NaN,NaN
NaN,NaN,NaN
NaN,NaN,NaN
NaN,NaN,NaN
NaN,NaN,NaN
NaN,NaN,NaN
NaN,NaN,NaN
NaN,NaN,NaN
NaN,NaN,NaN
NaN,NaN,NaN
NaN,NaN,NaN
0.669177,-1.434131,0.590719
NaN,NaN,NaN
NaN,NaN,NaN
NaN,NaN,NaN
0.679738,-1.290386,0.735937
NaN,NaN,NaN
NaN,NaN,NaN
NaN,NaN,NaN
NaN,NaN,NaN
NaN,NaN,NaN
NaN,NaN,NaN
NaN,NaN,NaN
NaN,NaN,NaN
NaN,NaN,NaN
NaN,NaN,NaN
NaN,NaN,NaN
NaN,NaN,NaN
NaN,NaN,NaN
NaN,NaN,NaN
NaN,NaN,NaN
NaN,NaN,NaN
NaN,NaN,NaN
NaN,NaN,NaN
NaN,NaN,NaN
NaN,NaN,NaN
0.716658,-0.532732,0.928647
NaN,NaN,NaN
NaN,NaN,NaN
NaN,NaN,NaN
0.751214,-0.469334,0.925294
NaN,NaN,NaN
NaN,NaN,NaN
NaN,NaN,NaN
NaN,NaN,NaN
NaN,NaN,NaN
NaN,NaN,NaN
NaN,NaN,NaN
NaN,NaN,NaN
NaN,NaN,NaN
NaN,NaN,NaN
NaN,NaN,NaN
NaN,NaN,NaN
NaN,NaN,NaN
NaN,NaN,NaN
NaN,NaN,NaN
NaN,NaN,NaN
NaN,NaN,NaN
NaN,NaN,NaN
NaN,NaN,NaN
NaN,NaN,NaN
0.805683,-0.035230,0.794844
NaN,NaN,NaN
NaN,NaN,NaN
NaN,NaN,NaN
0.852545,-0.022214,0.753906
NaN,NaN,NaN
NaN,NaN,NaN
NaN,NaN,NaN
NaN,NaN,NaN
NaN,NaN,NaN
NaN,NaN,NaN
NaN,NaN,NaN
NaN,NaN,NaN
NaN,NaN,NaN
NaN,NaN,NaN
NaN,NaN,NaN
NaN,NaN,NaN
NaN,NaN,NaN
NaN,NaN,NaN
NaN,NaN,NaN
NaN,NaN,NaN
NaN,NaN,NaN
NaN,NaN,NaN
NaN,NaN,NaN
NaN,NaN,NaN
1.202621,0.017970,0.206893
NaN,NaN,NaN
NaN,NaN,NaN
NaN,NaN,NaN
1.252483,-0.029413,0.108964
NaN,NaN,NaN
NaN,NaN,NaN
NaN,NaN,NaN
NaN,NaN,NaN
NaN,NaN,NaN
NaN,NaN,NaN
NaN,NaN,NaN
NaN,NaN,NaN
NaN,NaN,NaN
NaN,NaN,NaN
NaN,NaN,NaN
NaN,NaN,NaN
NaN,NaN,NaN
NaN,NaN,NaN
NaN,NaN,NaN
NaN,NaN,NaN
NaN,NaN,NaN
NaN,NaN,NaN
NaN,NaN,NaN
NaN,NaN,NaN
1.363587,-0.180531,-0.255789
NaN,NaN,NaN
NaN,NaN,NaN
NaN,NaN,NaN
1.398683,-0.252849,-0.292147
NaN,NaN,NaN
NaN,NaN,NaN
NaN,NaN,NaN
NaN,NaN,NaN
NaN,NaN,NaN
NaN,NaN,NaN
NaN,NaN,NaN
NaN,NaN,NaN
NaN,NaN,NaN
NaN,NaN,NaN
NaN,NaN,NaN
NaN,NaN,NaN
NaN,NaN,NaN
NaN,NaN,NaN
NaN,NaN,NaN
NaN,NaN,NaN
NaN,NaN,NaN
NaN,NaN,NaN
NaN,NaN,NaN
NaN,NaN,NaN
1.508563,-0.568133,-0.384740
NaN,NaN,NaN
NaN,NaN,NaN
NaN,NaN,NaN
1.514300,-0.612932,-0.397466
NaN,NaN,NaN
NaN,NaN,NaN
NaN,NaN,NaN
NaN,NaN,NaN
NaN,NaN,NaN
NaN,NaN,NaN
NaN,NaN,NaN
NaN,NaN,NaN
NaN,NaN,NaN
NaN,NaN,NaN
NaN,NaN,NaN
NaN,NaN,NaN
NaN,NaN,NaN
NaN,NaN,NaN
NaN,NaN,NaN
NaN,NaN,NaN
NaN,NaN,NaN
NaN,NaN,NaN
NaN,NaN,NaN
NaN,NaN,NaN
1.534471,-1.020428,-0.279457
NaN,NaN,NaN
NaN,NaN,NaN
NaN,NaN,NaN
1.509695,-1.029850,-0.284566
NaN,NaN,NaN
NaN,NaN,NaN
NaN,NaN,NaN
NaN,NaN,NaN
NaN,NaN,NaN
NaN,NaN,NaN
NaN,NaN,NaN
NaN,NaN,NaN
NaN,NaN,NaN
NaN,NaN,NaN
NaN,NaN,NaN
NaN,NaN,NaN
NaN,NaN,NaN
NaN,NaN,NaN
NaN,NaN,NaN
NaN,NaN,NaN
NaN,NaN,NaN
NaN,NaN,NaN
NaN,NaN,NaN
NaN,NaN,NaN
1.441786,-1.404458,-0.263591
NaN,NaN,NaN
NaN,NaN,NaN
NaN,NaN,NaN
1.415444,-1.425703,-0.266927
NaN,NaN,NaN
NaN,NaN,NaN
NaN,NaN,NaN
NaN,NaN,NaN
NaN,NaN,NaN
NaN,NaN,NaN
NaN,NaN,NaN
NaN,NaN,NaN
NaN,NaN,NaN
NaN,NaN,NaN
NaN,NaN,NaN
NaN,NaN,NaN
NaN,NaN,NaN
NaN,NaN,NaN
NaN,NaN,NaN
NaN,NaN,NaN
NaN,NaN,NaN
NaN,NaN,NaN
NaN,NaN,NaN
NaN,NaN,NaN
1.249572,-1.699178,-0.304432
NaN,NaN,NaN
NaN,NaN,NaN
NaN,NaN,NaN
1.208485,-1.813320,-0.210134
NaN,NaN,NaN
NaN,NaN,NaN
NaN,NaN,NaN
NaN,NaN,NaN
NaN,NaN,NaN
NaN,NaN,NaN
NaN,NaN,NaN
NaN,NaN,NaN
NaN,NaN,NaN
NaN,NaN,NaN
NaN,NaN,NaN
NaN,NaN,NaN
NaN,NaN,NaN
NaN,NaN,NaN
NaN,NaN,NaN
NaN,NaN,NaN
NaN,NaN,NaN
NaN,NaN,NaN
NaN,NaN,NaN
NaN,NaN,NaN
NaN,NaN,NaN
NaN,NaN,NaN
NaN,NaN,NaN
NaN,NaN,NaN
NaN,NaN,NaN
NaN,NaN,NaN
NaN,NaN,NaN
NaN,NaN,NaN
NaN,NaN,NaN
NaN,NaN,NaN
NaN,NaN,NaN
NaN,NaN,NaN
NaN,NaN,NaN
NaN,NaN,NaN
NaN,NaN,NaN
NaN,NaN,NaN
NaN,NaN,NaN
NaN,NaN,NaN
NaN,NaN,NaN
NaN,NaN,NaN
NaN,NaN,NaN
NaN,NaN,NaN
NaN,NaN,NaN
NaN,NaN,NaN
NaN,NaN,NaN
0.279514,-2.464555,0.066864
NaN,NaN,NaN
NaN,NaN,NaN
NaN,NaN,NaN
0.186286,-2.500088,0.127321
NaN,NaN,NaN
NaN,NaN,NaN
NaN,NaN,NaN
NaN,NaN,NaN
NaN,NaN,NaN
NaN,NaN,NaN
NaN,NaN,NaN
NaN,NaN,NaN
NaN,NaN,NaN
NaN,NaN,NaN
NaN,NaN,NaN
NaN,NaN,NaN
NaN,NaN,NaN
NaN,NaN,NaN
NaN,NaN,NaN
NaN,NaN,NaN
NaN,NaN,NaN
NaN,NaN,NaN
NaN,NaN,NaN
NaN,NaN,NaN
-0.063351,-2.614115,0.659783
NaN,NaN,NaN
NaN,NaN,NaN
NaN,NaN,NaN
-0.095669,-2.508572,0.711080
NaN,NaN,NaN
NaN,NaN,NaN
NaN,NaN,NaN
NaN,NaN,NaN
NaN,NaN,NaN
NaN,NaN,NaN
NaN,NaN,NaN
NaN,NaN,NaN
NaN,NaN,NaN
NaN,NaN,NaN
NaN,NaN,NaN
NaN,NaN,NaN
NaN,NaN,NaN
NaN,NaN,NaN
NaN,NaN,NaN
NaN,NaN,NaN
NaN,NaN,NaN
NaN,NaN,NaN
NaN,NaN,NaN
NaN,NaN,NaN
-0.165498,-2.491907,1.088505
NaN,NaN,NaN
NaN,NaN,NaN
NaN,NaN,NaN
-0.155729,-2.411692,1.130207
NaN,NaN,NaN
NaN,NaN,NaN
NaN,NaN,NaN
NaN,NaN,NaN
NaN,NaN,NaN
NaN,NaN,NaN
NaN,NaN,NaN
NaN,NaN,NaN
NaN,NaN,NaN
NaN,NaN,NaN
NaN,NaN,NaN
NaN,NaN,NaN
NaN,NaN,NaN
NaN,NaN,NaN
NaN,NaN,NaN
NaN,NaN,NaN
NaN,NaN,NaN
NaN,NaN,NaN
NaN,NaN,NaN
NaN,NaN,NaN
-0.053565,-2.253042,1.425620
NaN,NaN,NaN
NaN,NaN,NaN
NaN,NaN,NaN
0.019973,-2.205907,1.462224
NaN,NaN,NaN
NaN,NaN,NaN
NaN,NaN,NaN
NaN,NaN,NaN
NaN,NaN,NaN
NaN,NaN,NaN
NaN,NaN,NaN
NaN,NaN,NaN
NaN,NaN,NaN
NaN,NaN,NaN
NaN,NaN,NaN
NaN,NaN,NaN
NaN,NaN,NaN
NaN,NaN,NaN
NaN,NaN,NaN
NaN,NaN,NaN
NaN,NaN,NaN
NaN,NaN,NaN
NaN,NaN,NaN
NaN,NaN,NaN
NaN,NaN,NaN
NaN,NaN,NaN
NaN,NaN,NaN
NaN,NaN,NaN
NaN,NaN,NaN
NaN,NaN,NaN
NaN,NaN,NaN
NaN,NaN,NaN
NaN,NaN,NaN
NaN,NaN,NaN
NaN,NaN,NaN
NaN,NaN,NaN
NaN,NaN,NaN
NaN,NaN,NaN
NaN,NaN,NaN
NaN,NaN,NaN
NaN,NaN,NaN
NaN,NaN,NaN
NaN,NaN,NaN
NaN,NaN,NaN
NaN,NaN,NaN
NaN,NaN,NaN
NaN,NaN,NaN
NaN,NaN,NaN
NaN,NaN,NaN
NaN,NaN,NaN
NaN,NaN,NaN
NaN,NaN,NaN
NaN,NaN,NaN
NaN,NaN,NaN
NaN,NaN,NaN
NaN,NaN,NaN
NaN,NaN,NaN
NaN,NaN,NaN
NaN,NaN,NaN
NaN,NaN,NaN
NaN,NaN,NaN
NaN,NaN,NaN
NaN,NaN,NaN
NaN,NaN,NaN
NaN,NaN,NaN
NaN,NaN,NaN
NaN,NaN,NaN
NaN,NaN,NaN
NaN,NaN,NaN
NaN,NaN,NaN
NaN,NaN,NaN
NaN,NaN,NaN
NaN,NaN,NaN
NaN,NaN,NaN
NaN,NaN,NaN
NaN,NaN,NaN
NaN,NaN,NaN
NaN,NaN,NaN
NaN,NaN,NaN
NaN,NaN,NaN
NaN,NaN,NaN
NaN,NaN,NaN
NaN,NaN,NaN
NaN,NaN,NaN
NaN,NaN,NaN
NaN,NaN,NaN
NaN,NaN,NaN
NaN,NaN,NaN
NaN,NaN,NaN
NaN,NaN,NaN
NaN,NaN,NaN
NaN,NaN,NaN
NaN,NaN,NaN
NaN,NaN,NaN
NaN,NaN,NaN
NaN,NaN,NaN
NaN,NaN,NaN
NaN,NaN,NaN
NaN,NaN,NaN
NaN,NaN,NaN
NaN,NaN,NaN
NaN,NaN,NaN
NaN,NaN,NaN
NaN,NaN,NaN
NaN,NaN,NaN
NaN,NaN,NaN
NaN,NaN,NaN
NaN,NaN,NaN
NaN,NaN,NaN
NaN,NaN,NaN
NaN,NaN,NaN
NaN,NaN,NaN
NaN,NaN,NaN
NaN,NaN,NaN
NaN,NaN,NaN
NaN,NaN,NaN
NaN,NaN,NaN
NaN,NaN,NaN
NaN,NaN,NaN
NaN,NaN,NaN
NaN,NaN,NaN
NaN,NaN,NaN
NaN,NaN,NaN
NaN,NaN,NaN
NaN,NaN,NaN
NaN,NaN,NaN
NaN,NaN,NaN
NaN,NaN,NaN
NaN,NaN,NaN
NaN,NaN,NaN
NaN,NaN,NaN
NaN,NaN,NaN
NaN,NaN,NaN
NaN,NaN,NaN
NaN,NaN,NaN
NaN,NaN,NaN
NaN,NaN,NaN
NaN,NaN,NaN
NaN,NaN,NaN
NaN,NaN,NaN
NaN,NaN,NaN
NaN,NaN,NaN
NaN,NaN,NaN
NaN,NaN,NaN
NaN,NaN,NaN
NaN,NaN,NaN
NaN,NaN,NaN
NaN,NaN,NaN
NaN,NaN,NaN
NaN,NaN,NaN
NaN,NaN,NaN
NaN,NaN,NaN
NaN,NaN,NaN
NaN,NaN,NaN
NaN,NaN,NaN
NaN,NaN,NaN
NaN,NaN,NaN
NaN,NaN,NaN
NaN,NaN,NaN
NaN,NaN,NaN
NaN,NaN,NaN
NaN,NaN,NaN
NaN,NaN,NaN
NaN,NaN,NaN
NaN,NaN,NaN
NaN,NaN,NaN
NaN,NaN,NaN
NaN,NaN,NaN
NaN,NaN,NaN
NaN,NaN,NaN
NaN,NaN,NaN
NaN,NaN,NaN
NaN,NaN,NaN
NaN,NaN,NaN
NaN,NaN,NaN
NaN,NaN,NaN
NaN,NaN,NaN
NaN,NaN,NaN
NaN,NaN,NaN
NaN,NaN,NaN
NaN,NaN,NaN
NaN,NaN,NaN
NaN,NaN,NaN
NaN,NaN,NaN
NaN,NaN,NaN
NaN,NaN,NaN
NaN,NaN,NaN
NaN,NaN,NaN
NaN,NaN,NaN
NaN,NaN,NaN
NaN,NaN,NaN
NaN,NaN,NaN
NaN,NaN,NaN
NaN,NaN,NaN
NaN,NaN,NaN
NaN,NaN,NaN
NaN,NaN,NaN
NaN,NaN,NaN
NaN,NaN,NaN
NaN,NaN,NaN
NaN,NaN,NaN
NaN,NaN,NaN
NaN,NaN,NaN
NaN,NaN,NaN
NaN,NaN,NaN
NaN,NaN,NaN
NaN,NaN,NaN
NaN,NaN,NaN
NaN,NaN,NaN
NaN,NaN,NaN
NaN,NaN,NaN
NaN,NaN,NaN
NaN,NaN,NaN
NaN,NaN,NaN
NaN,NaN,NaN
NaN,NaN,NaN
NaN,NaN,NaN
NaN,NaN,NaN
NaN,NaN,NaN
NaN,NaN,NaN
NaN,NaN,NaN
NaN,NaN,NaN
NaN,NaN,NaN
NaN,NaN,NaN
NaN,NaN,NaN
NaN,NaN,NaN
NaN,NaN,NaN
NaN,NaN,NaN
NaN,NaN,NaN
NaN,NaN,NaN
NaN,NaN,NaN
NaN,NaN,NaN
NaN,NaN,NaN
NaN,NaN,NaN
NaN,NaN,NaN
NaN,NaN,NaN
NaN,NaN,NaN
NaN,NaN,NaN
NaN,NaN,NaN
NaN,NaN,NaN
NaN,NaN,NaN
NaN,NaN,NaN
NaN,NaN,NaN
NaN,NaN,NaN
NaN,NaN,NaN
NaN,NaN,NaN
NaN,NaN,NaN
NaN,NaN,NaN
NaN,NaN,NaN
NaN,NaN,NaN
NaN,NaN,NaN
NaN,NaN,NaN
NaN,NaN,NaN
NaN,NaN,NaN
NaN,NaN,NaN
NaN,NaN,NaN
NaN,NaN,NaN
NaN,NaN,NaN
NaN,NaN,NaN
NaN,NaN,NaN
NaN,NaN,NaN
NaN,NaN,NaN
NaN,NaN,NaN
NaN,NaN,NaN
NaN,NaN,NaN
NaN,NaN,NaN
NaN,NaN,NaN
NaN,NaN,NaN
NaN,NaN,NaN
NaN,NaN,NaN
NaN,NaN,NaN
NaN,NaN,NaN
NaN,NaN,NaN
NaN,NaN,NaN
NaN,NaN,NaN
NaN,NaN,NaN
NaN,NaN,NaN
NaN,NaN,NaN
NaN,NaN,NaN
NaN,NaN,NaN
NaN,NaN,NaN
NaN,NaN,NaN
NaN,NaN,NaN
NaN,NaN,NaN
NaN,NaN,NaN
NaN,NaN,NaN
NaN,NaN,NaN
NaN,NaN,NaN
NaN,NaN,NaN
NaN,NaN,NaN
NaN,NaN,NaN
NaN,NaN,NaN
NaN,NaN,NaN
NaN,NaN,NaN
NaN,NaN,NaN
NaN,NaN,NaN
NaN,NaN,NaN
NaN,NaN,NaN
NaN,NaN,NaN
NaN,NaN,NaN
NaN,NaN,NaN
NaN,NaN,NaN
NaN,NaN,NaN
NaN,NaN,NaN
NaN,NaN,NaN
NaN,NaN,NaN
NaN,NaN,NaN
NaN,NaN,NaN
NaN,NaN,NaN
NaN,NaN,NaN
NaN,NaN,NaN
NaN,NaN,NaN
NaN,NaN,NaN
NaN,NaN,NaN
NaN,NaN,NaN
NaN,NaN,NaN
NaN,NaN,NaN
NaN,NaN,NaN
NaN,NaN,NaN
NaN,NaN,NaN
NaN,NaN,NaN
NaN,NaN,NaN
NaN,NaN,NaN
NaN,NaN,NaN
NaN,NaN,NaN
NaN,NaN,NaN
NaN,NaN,NaN
NaN,NaN,NaN
NaN,NaN,NaN
NaN,NaN,NaN
NaN,NaN,NaN
NaN,NaN,NaN
NaN,NaN,NaN
NaN,NaN,NaN
NaN,NaN,NaN
NaN,NaN,NaN
NaN,NaN,NaN
NaN,NaN,NaN
NaN,NaN,NaN
NaN,NaN,NaN
NaN,NaN,NaN
NaN,NaN,NaN
NaN,NaN,NaN
NaN,NaN,NaN
NaN,NaN,NaN
NaN,NaN,NaN
NaN,NaN,NaN
NaN,NaN,NaN
NaN,NaN,NaN
NaN,NaN,NaN
NaN,NaN,NaN
NaN,NaN,NaN
NaN,NaN,NaN
NaN,NaN,NaN
NaN,NaN,NaN
NaN,NaN,NaN
NaN,NaN,NaN
NaN,NaN,NaN
NaN,NaN,NaN
NaN,NaN,NaN
NaN,NaN,NaN
NaN,NaN,NaN
NaN,NaN,NaN
NaN,NaN,NaN
NaN,NaN,NaN
NaN,NaN,NaN
NaN,NaN,NaN
NaN,NaN,NaN
NaN,NaN,NaN
NaN,NaN,NaN
NaN,NaN,NaN
NaN,NaN,NaN
NaN,NaN,NaN
NaN,NaN,NaN
NaN,NaN,NaN
NaN,NaN,NaN
NaN,NaN,NaN
NaN,NaN,NaN
NaN,NaN,NaN
NaN,NaN,NaN
NaN,NaN,NaN
NaN,NaN,NaN
NaN,NaN,NaN
NaN,NaN,NaN
NaN,NaN,NaN
NaN,NaN,NaN
NaN,NaN,NaN
NaN,NaN,NaN
NaN,NaN,NaN
NaN,NaN,NaN
NaN,NaN,NaN
NaN,NaN,NaN
NaN,NaN,NaN
NaN,NaN,NaN
NaN,NaN,NaN
NaN,NaN,NaN
NaN,NaN,NaN
NaN,NaN,NaN
NaN,NaN,NaN
NaN,NaN,NaN
NaN,NaN,NaN
NaN,NaN,NaN
NaN,NaN,NaN
NaN,NaN,NaN
NaN,NaN,NaN
NaN,NaN,NaN
NaN,NaN,NaN
NaN,NaN,NaN
NaN,NaN,NaN
NaN,NaN,NaN
NaN,NaN,NaN
NaN,NaN,NaN
NaN,NaN,NaN
NaN,NaN,NaN
NaN,NaN,NaN
NaN,NaN,NaN
NaN,NaN,NaN
NaN,NaN,NaN
NaN,NaN,NaN
NaN,NaN,NaN
NaN,NaN,NaN
NaN,NaN,NaN
NaN,NaN,NaN
NaN,NaN,NaN
NaN,NaN,NaN
NaN,NaN,NaN
NaN,NaN,NaN
NaN,NaN,NaN
NaN,NaN,NaN
NaN,NaN,NaN
NaN,NaN,NaN
NaN,NaN,NaN
NaN,NaN,NaN
NaN,NaN,NaN
NaN,NaN,NaN
NaN,NaN,NaN
NaN,NaN,NaN
NaN,NaN,NaN
NaN,NaN,NaN
NaN,NaN,NaN
NaN,NaN,NaN
NaN,NaN,NaN
NaN,NaN,NaN
NaN,NaN,NaN
NaN,NaN,NaN
NaN,NaN,NaN
NaN,NaN,NaN
NaN,NaN,NaN
NaN,NaN,NaN
NaN,NaN,NaN
NaN,NaN,NaN
NaN,NaN,NaN
NaN,NaN,NaN
NaN,NaN,NaN
NaN,NaN,NaN
NaN,NaN,NaN
NaN,NaN,NaN
NaN,NaN,NaN
NaN,NaN,NaN
NaN,NaN,NaN
NaN,NaN,NaN
NaN,NaN,NaN
NaN,NaN,NaN
NaN,NaN,NaN
NaN,NaN,NaN
NaN,NaN,NaN
NaN,NaN,NaN
NaN,NaN,NaN
NaN,NaN,NaN
NaN,NaN,NaN
NaN,NaN,NaN
NaN,NaN,NaN
NaN,NaN,NaN
NaN,NaN,NaN
NaN,NaN,NaN
NaN,NaN,NaN
NaN,NaN,NaN
NaN,NaN,NaN
NaN,NaN,NaN
NaN,NaN,NaN
NaN,NaN,NaN
NaN,NaN,NaN
NaN,NaN,NaN
NaN,NaN,NaN
NaN,NaN,NaN
NaN,NaN,NaN
NaN,NaN,NaN
NaN,NaN,NaN
NaN,NaN,NaN
NaN,NaN,NaN
NaN,NaN,NaN
NaN,NaN,NaN
NaN,NaN,NaN
NaN,NaN,NaN
NaN,NaN,NaN
NaN,NaN,NaN
NaN,NaN,NaN
NaN,NaN,NaN
NaN,NaN,NaN
NaN,NaN,NaN
NaN,NaN,NaN
NaN,NaN,NaN
NaN,NaN,NaN
NaN,NaN,NaN
NaN,NaN,NaN
NaN,NaN,NaN
NaN,NaN,NaN
NaN,NaN,NaN
NaN,NaN,NaN
NaN,NaN,NaN
NaN,NaN,NaN
NaN,NaN,NaN
NaN,NaN,NaN
NaN,NaN,NaN
NaN,NaN,NaN
NaN,NaN,NaN
NaN,NaN,NaN
NaN,NaN,NaN
NaN,NaN,NaN
NaN,NaN,NaN
NaN,NaN,NaN
NaN,NaN,NaN
NaN,NaN,NaN
NaN,NaN,NaN
NaN,NaN,NaN
NaN,NaN,NaN
NaN,NaN,NaN
NaN,NaN,NaN
NaN,NaN,NaN
NaN,NaN,NaN
NaN,NaN,NaN
NaN,NaN,NaN
NaN,NaN,NaN
NaN,NaN,NaN
NaN,NaN,NaN
NaN,NaN,NaN
NaN,NaN,NaN
NaN,NaN,NaN
NaN,NaN,NaN
NaN,NaN,NaN
NaN,NaN,NaN
NaN,NaN,NaN
NaN,NaN,NaN
NaN,NaN,NaN
NaN,NaN,NaN
NaN,NaN,NaN
NaN,NaN,NaN
NaN,NaN,NaN
NaN,NaN,NaN
NaN,NaN,NaN
NaN,NaN,NaN
NaN,NaN,NaN
NaN,NaN,NaN
NaN,NaN,NaN
NaN,NaN,NaN
NaN,NaN,NaN
NaN,NaN,NaN
NaN,NaN,NaN
NaN,NaN,NaN
NaN,NaN,NaN
NaN,NaN,NaN
NaN,NaN,NaN
NaN,NaN,NaN
NaN,NaN,NaN
NaN,NaN,NaN
NaN,NaN,NaN
NaN,NaN,NaN
NaN,NaN,NaN
NaN,NaN,NaN
NaN,NaN,NaN
NaN,NaN,NaN
NaN,NaN,NaN
NaN,NaN,NaN
NaN,NaN,NaN
NaN,NaN,NaN
NaN,NaN,NaN
NaN,NaN,NaN
NaN,NaN,NaN
NaN,NaN,NaN
NaN,NaN,NaN
NaN,NaN,NaN
NaN,NaN,NaN
NaN,NaN,NaN
NaN,NaN,NaN
NaN,NaN,NaN
NaN,NaN,NaN
NaN,NaN,NaN
NaN,NaN,NaN
NaN,NaN,NaN
NaN,NaN,NaN
NaN,NaN,NaN
NaN,NaN,NaN
NaN,NaN,NaN
NaN,NaN,NaN
NaN,NaN,NaN
NaN,NaN,NaN
NaN,NaN,NaN
NaN,NaN,NaN
NaN,NaN,NaN
NaN,NaN,NaN
NaN,NaN,NaN
NaN,NaN,NaN
NaN,NaN,NaN
NaN,NaN,NaN
NaN,NaN,NaN
NaN,NaN,NaN
NaN,NaN,NaN
NaN,NaN,NaN
NaN,NaN,NaN
NaN,NaN,NaN
NaN,NaN,NaN
NaN,NaN,NaN
NaN,NaN,NaN
NaN,NaN,NaN
NaN,NaN,NaN
NaN,NaN,NaN
NaN,NaN,NaN
NaN,NaN,NaN
NaN,NaN,NaN
NaN,NaN,NaN
NaN,NaN,NaN
NaN,NaN,NaN
NaN,NaN,NaN
NaN,NaN,NaN
NaN,NaN,NaN
NaN,NaN,NaN
NaN,NaN,NaN
NaN,NaN,NaN
NaN,NaN,NaN
NaN,NaN,NaN
NaN,NaN,NaN
NaN,NaN,NaN
NaN,NaN,NaN
NaN,NaN,NaN
NaN,NaN,NaN
NaN,NaN,NaN
NaN,NaN,NaN
NaN,NaN,NaN
NaN,NaN,NaN
NaN,NaN,NaN
NaN,NaN,NaN
NaN,NaN,NaN
NaN,NaN,NaN
NaN,NaN,NaN
NaN,NaN,NaN
NaN,NaN,NaN
NaN,NaN,NaN
NaN,NaN,NaN
NaN,NaN,NaN
NaN,NaN,NaN
NaN,NaN,NaN
NaN,NaN,NaN
NaN,NaN,NaN
NaN,NaN,NaN
NaN,NaN,NaN
NaN,NaN,NaN
NaN,NaN,NaN
NaN,NaN,NaN
NaN,NaN,NaN
NaN,NaN,NaN
NaN,NaN,NaN
NaN,NaN,NaN
NaN,NaN,NaN
NaN,NaN,NaN
NaN,NaN,NaN
NaN,NaN,NaN
NaN,NaN,NaN
NaN,NaN,NaN
NaN,NaN,NaN
NaN,NaN,NaN
NaN,NaN,NaN
NaN,NaN,NaN
NaN,NaN,NaN
NaN,NaN,NaN
NaN,NaN,NaN
NaN,NaN,NaN
NaN,NaN,NaN
NaN,NaN,NaN
NaN,NaN,NaN
NaN,NaN,NaN
NaN,NaN,NaN
NaN,NaN,NaN
NaN,NaN,NaN
NaN,NaN,NaN
NaN,NaN,NaN
NaN,NaN,NaN
NaN,NaN,NaN
NaN,NaN,NaN
NaN,NaN,NaN
NaN,NaN,NaN
NaN,NaN,NaN
NaN,NaN,NaN
NaN,NaN,NaN
NaN,NaN,NaN
NaN,NaN,NaN
NaN,NaN,NaN
NaN,NaN,NaN
NaN,NaN,NaN
NaN,NaN,NaN
NaN,NaN,NaN
NaN,NaN,NaN
NaN,NaN,NaN
NaN,NaN,NaN
NaN,NaN,NaN
NaN,NaN,NaN
NaN,NaN,NaN
NaN,NaN,NaN
NaN,NaN,NaN
NaN,NaN,NaN
NaN,NaN,NaN
NaN,NaN,NaN
NaN,NaN,NaN
NaN,NaN,NaN
NaN,NaN,NaN
NaN,NaN,NaN
NaN,NaN,NaN
NaN,NaN,NaN
NaN,NaN,NaN
NaN,NaN,NaN
NaN,NaN,NaN
NaN,NaN,NaN
NaN,NaN,NaN
NaN,NaN,NaN
NaN,NaN,NaN
NaN,NaN,NaN
NaN,NaN,NaN
NaN,NaN,NaN
NaN,NaN,NaN
NaN,NaN,NaN
NaN,NaN,NaN
NaN,NaN,NaN
NaN,NaN,NaN
NaN,NaN,NaN
NaN,NaN,NaN
NaN,NaN,NaN
NaN,NaN,NaN
NaN,NaN,NaN
NaN,NaN,NaN
NaN,NaN,NaN
NaN,NaN,NaN
NaN,NaN,NaN
NaN,NaN,NaN
NaN,NaN,NaN
NaN,NaN,NaN
NaN,NaN,NaN
NaN,NaN,NaN
NaN,NaN,NaN
NaN,NaN,NaN
NaN,NaN,NaN
NaN,NaN,NaN
NaN,NaN,NaN
NaN,NaN,NaN
NaN,NaN,NaN
NaN,NaN,NaN
NaN,NaN,NaN
NaN,NaN,NaN
NaN,NaN,NaN
NaN,NaN,NaN
NaN,NaN,NaN
NaN,NaN,NaN
NaN,NaN,NaN
NaN,NaN,NaN
NaN,NaN,NaN
NaN,NaN,NaN
NaN,NaN,NaN
NaN,NaN,NaN
NaN,NaN,NaN
NaN,NaN,NaN
NaN,NaN,NaN
NaN,NaN,NaN
NaN,NaN,NaN
NaN,NaN,NaN
NaN,NaN,NaN
NaN,NaN,NaN
NaN,NaN,NaN
NaN,NaN,NaN
NaN,NaN,NaN
NaN,NaN,NaN
NaN,NaN,NaN
NaN,NaN,NaN
NaN,NaN,NaN
NaN,NaN,NaN
NaN,NaN,NaN
NaN,NaN,NaN
NaN,NaN,NaN
NaN,NaN,NaN
NaN,NaN,NaN
NaN,NaN,NaN
NaN,NaN,NaN
NaN,NaN,NaN
NaN,NaN,NaN
NaN,NaN,NaN
NaN,NaN,NaN
NaN,NaN,NaN
NaN,NaN,NaN
NaN,NaN,NaN
NaN,NaN,NaN
NaN,NaN,NaN
NaN,NaN,NaN
NaN,NaN,NaN
NaN,NaN,NaN
NaN,NaN,NaN
NaN,NaN,NaN
NaN,NaN,NaN
NaN,NaN,NaN
NaN,NaN,NaN
NaN,NaN,NaN
NaN,NaN,NaN
NaN,NaN,NaN
NaN,NaN,NaN
NaN,NaN,NaN
NaN,NaN,NaN
NaN,NaN,NaN
NaN,NaN,NaN
NaN,NaN,NaN
NaN,NaN,NaN
NaN,NaN,NaN
NaN,NaN,NaN
NaN,NaN,NaN
NaN,NaN,NaN
NaN,NaN,NaN
NaN,NaN,NaN
NaN,NaN,NaN
NaN,NaN,NaN
0.300301,0.898609,0.878769
